{"cameraMode":{"drawMode":0,"name":"Shaded","section":"Shading Mode"},"sceneLighting":true,"audioPlay":false,"sceneViewState":{"showFog":true,"showMaterialUpdate":false,"showSkybox":true,"showFlares":true,"showImageEffects":true,"showParticleSystems":true},"in2DMode":false,"pivot":{"x":1.6779372692108155,"y":-1.4412314891815186,"z":2.115950584411621},"rotation":{"x":0.21352767944335938,"y":0.47706666588783266,"z":-0.12070241570472717,"w":0.8439456224441528},"size":7.05903959274292,"orthographic":false}