{"cameraMode":{"drawMode":0,"name":"Shaded","section":"Shading Mode"},"sceneLighting":true,"audioPlay":false,"sceneViewState":{"showFog":true,"showMaterialUpdate":false,"showSkybox":true,"showFlares":true,"showImageEffects":true,"showParticleSystems":true},"in2DMode":false,"pivot":{"x":-0.5699999928474426,"y":2.630000114440918,"z":-0.3799999952316284},"rotation":{"x":-0.5410313606262207,"y":0.26735591888427737,"z":-0.18658533692359925,"w":-0.7752366662025452},"size":22.0,"orthographic":false}