{"cameraMode":{"drawMode":0,"name":"Shaded","section":"Shading Mode"},"sceneLighting":true,"audioPlay":false,"sceneViewState":{"showFog":true,"showMaterialUpdate":false,"showSkybox":true,"showFlares":true,"showImageEffects":true,"showParticleSystems":true},"in2DMode":false,"pivot":{"x":-1.0243885517120362,"y":-0.5747748613357544,"z":0.19859135150909425},"rotation":{"x":-0.20973406732082368,"y":0.5266526341438294,"z":-0.13594534993171693,"w":-0.812506914138794},"size":4.936325550079346,"orthographic":false}