{"cameraMode":{"drawMode":0,"name":"Shaded","section":"Shading Mode"},"sceneLighting":true,"audioPlay":false,"sceneViewState":{"showFog":true,"showMaterialUpdate":false,"showSkybox":true,"showFlares":true,"showImageEffects":true,"showParticleSystems":true},"in2DMode":false,"pivot":{"x":2.3044533729553224,"y":-3.9795539379119875,"z":3.5493714809417726},"rotation":{"x":0.35348331928253176,"y":0.26060688495635989,"z":-0.10321862250566483,"w":0.8924570679664612},"size":8.598950386047364,"orthographic":false}